title,link,price
"High Quality Cabin Trolley Easy Size 16"" Trolley Bag Luggage Bag For personal Size",https://www.daraz.com.bd/products/16-i183901757-s1128526200.html?search=1,"৳ 1,590"
High Quality Cabin Trolley Easy Size 16'' inch Trolley Bag Luggage Bag For personal Size,https://www.daraz.com.bd/products/16-i270702315-s1242388349.html?search=1,"৳ 1,390"
1X Alloy Magnetic Eye Glasses Holder Sunglasses Clip Magnet Hook Shirt Universal,https://www.daraz.com.bd/products/1x-alloy-magnetic-eye-glasses-holder-sunglasses-clip-magnet-hook-shirt-universal-i310562248-s1389510097.html?search=1,৳ 270
Clear Hobos Zak Festival Gift Onderarm Handtassen Telefoon Schoudertas Purse Dames Jelly Effen Kleur Vintage,https://www.daraz.com.bd/products/clear-hobos-zak-festival-gift-onderarm-handtassen-telefoon-schoudertas-purse-dames-jelly-effen-kleur-vintage-i313902301-s1408650688.html?search=1,৳ 480
Fashion Vintage Dames Jelly Effen Kleur Onderarm Zak Casual Vrouwen Hobos Handtassen Purse Mobiele Telefoon Schoudertas Festival Gift,https://www.daraz.com.bd/products/fashion-vintage-dames-jelly-effen-kleur-onderarm-zak-casual-vrouwen-hobos-handtassen-purse-mobiele-telefoon-schoudertas-festival-gift-i314986565-s1420688049.html?search=1,৳ 482
2 Sets of Luggage Suitcase Replacement Wheels Axles Deluxe Repair Tool OD 35mm,https://www.daraz.com.bd/products/2-sets-of-luggage-suitcase-replacement-wheels-axles-deluxe-repair-tool-od-35mm-i318213194-s1450073657.html?search=1,৳ 675
"4 Sets Of Luggage Suitcase Replacement Wheels Axles Deluxe Repair Tool OD, 2 Set 40mm & 2 Set 50mm",https://www.daraz.com.bd/products/4-sets-of-luggage-suitcase-replacement-wheels-axles-deluxe-repair-tool-od-2-set-40mm-2-set-50mm-i242059888-s1185662946.html?search=1,৳ 968
Cat Eye Sunglasses Current Trigonal Light coloured Lens Sunglasses,https://www.daraz.com.bd/products/cat-eye-sunglasses-current-trigonal-light-coloured-lens-sunglasses-i310456511-s1388538025.html?search=1,৳ 676
Nax 4 Sets Of Luggage Suitcase Replacement Wheels Axles Deluxe Repair Tool Od 2 Set 40Mm & 2 Set 50Mm,https://www.daraz.com.bd/products/nax-4-sets-of-luggage-suitcase-replacement-wheels-axles-deluxe-repair-tool-od-2-set-40mm-2-set-50mm-i302171876-s1344039440.html?search=1,৳ 929
5PCS HF36FD-012-HLT HF36FD-012-HT HFE10-1-24-HT-L2 HFE10-2-12-HT-L2 HFE10-2-24-HT-L2 HF42F-005-2HS HF42F-012-2HS HF42F-024-2HS,https://www.daraz.com.bd/products/5pcs-hf36fd-012-hlt-hf36fd-012-ht-hfe10-1-24-ht-l2-hfe10-2-12-ht-l2-hfe10-2-24-ht-l2-hf42f-005-2hs-hf42f-0142-024-2hs-i286429441-s1284640394.html?search=1,৳ 752
2023 Retro Cat Eye Frame Sunglasses Women Luxury V Sun Glasses Men Fashion Rectangle Jelly Glasses with Metal Hinges UV400,https://www.daraz.com.bd/products/2023-retro-cat-eye-frame-sunglasses-women-luxury-v-sun-glasses-men-fashion-rectangle-jelly-glasses-with-metal-hinges-uv400-i311639447-s1398970826.html?search=1,"৳ 1,626"
4 Sets Of Luggage Suitcase Replacement Wheels Axles Deluxe Repair Tool OD 35mm,https://www.daraz.com.bd/products/4-sets-of-luggage-suitcase-replacement-wheels-axles-deluxe-repair-tool-od-35mm-i255726125-s1203488916.html?search=1,"৳ 1,141"
5Pcs Knot Nickel Drawbolt Closure Latch For Luggage Guitar Musical Trolley Case,https://www.daraz.com.bd/products/5pcs-knot-nickel-drawbolt-closure-latch-for-luggage-guitar-musical-trolley-case-i271239488-s1242969000.html?search=1,৳ 634
WHO CUTIE Oversized Cat Eye Flat Top Sunglasses Women 2019 Brand Design Gradient Lens Sun Glasses Retro Vintage Shades Lady 393B,https://www.daraz.com.bd/products/who-cutie-oversized-cat-eye-flat-top-sunglasses-women-2019-brand-design-gradient-lens-sun-glasses-retro-vintage-shades-lady-393b-i312266629-s1401697827.html?search=1,"৳ 1,949"
New Trend Individual Character Sunglasses Women Elegant High Quality Big Frame Designer Cat Eye Glasses Female Lady Rave Festiva,https://www.daraz.com.bd/products/new-trend-individual-character-sunglasses-women-elegant-high-quality-big-frame-designer-cat-eye-glasses-female-lady-rave-festiva-i311949425-s1400414694.html?search=1,"৳ 2,552"
Women's Triangle and Square Cheese Shaped Mini PU Leather Bags Cute Earphone Lipstick Purses Handbags Crossbody Shoulder Bag,https://www.daraz.com.bd/products/-i319995419-s1476324527.html?search=1,"৳ 3,047"
Fashion Cat Eye Sunglasses Women Retro PUNK One Piece Gradient Shades UV400 Men Trending Jelly Color Rivets Sun Glasses Oculus,https://www.daraz.com.bd/products/fashion-cat-eye-sunglasses-women-retro-punk-one-piece-gradient-shades-uv400-men-trending-jelly-color-rivets-sun-glasses-oculus-i312286452-s1401731472.html?search=1,"৳ 1,956"
JAERBEE 8 Sets of Luggage Suitcase Replacement Wheels Axles Deluxe Repair Tool OD 50mm,https://www.daraz.com.bd/products/jaerbee-8-sets-of-luggage-suitcase-replacement-wheels-axles-deluxe-repair-tool-od-50mm-i255608221-s1203274776.html?search=1,"৳ 2,217"
Women's Triangle and Square Cheese Shaped Mini PU Leather Bags Cute Earphone Lipstick Purses Handbags Crossbody Shoulder Bag,https://www.daraz.com.bd/products/-i319963975-s1475918409.html?search=1,"৳ 2,113"
Women's Furry Purse Heart Shaped Fluffy Faux Fur Handbag for Women Soft Small Shoulder Bag Clutch Purse,https://www.daraz.com.bd/products/-i319972870-s1476019616.html?search=1,"৳ 3,354"
2021 Aviation Polarized Lady Sunglasses Cat Eye Fashion Women Sun Glasses luxury Woman Female Brand New oculos de sol,https://www.daraz.com.bd/products/2021-aviation-polarized-lady-sunglasses-cat-eye-fashion-women-sun-glasses-luxury-woman-female-brand-new-oculos-de-sol-i311948577-s1400436039.html?search=1,"৳ 3,347"
ICQURBT 8 Sets of Luggage Suitcase Replacement Wheels Axles Deluxe Repair Tool OD 50mm,https://www.daraz.com.bd/products/icqurbt-8-sets-of-luggage-suitcase-replacement-wheels-axles-deluxe-repair-tool-od-50mm-i254561931-s1200763265.html?search=1,"৳ 2,182"
Hello Kitty Purses Korean Version of Simplicity Cowboy Canvas Bag Fashion Handbag Cartoon Pictures Casual Hand Bags for Women,https://www.daraz.com.bd/products/-i319981566-s1476152206.html?search=1,"৳ 10,617"
Hello Kitty Cartoon Cosmetic Bag Large-capacity Waterproof Storage Bag Kawaii Cat Makeup Box Makeup Case Purse Sanrio,https://www.daraz.com.bd/products/-i319989273-s1476266994.html?search=1,"৳ 10,692"
SHAUNA Ins Popular Fashion Square Sunglasses Women Trending Gradient Brand Designer Shades UV400 Men Cat Eye Sun Glasses,https://www.daraz.com.bd/products/shauna-ins-popular-fashion-square-sunglasses-women-trending-gradient-brand-designer-shades-uv400-men-cat-eye-sun-glasses-i312017277-s1400602337.html?search=1,"৳ 2,519"
Simple Transparent Mesh Document Bag Pencil Case Coin Purse Zipper Stationery Bag Nylon Bag Office Student School Supplies,https://www.daraz.com.bd/products/-i319956989-s1475805833.html?search=1,"৳ 1,914"
Large Capacity Cotton Shopper Tote Bags Women Shoulder Bag Ladies Casual Eco Reusable Purse and Handbag Travel Books Pack bolsa,https://www.daraz.com.bd/products/-i319959054-s1475663268.html?search=1,"৳ 2,075"
Fashion Casual Nylon Women Shoulder Bag 2 in 1 Chain Zipper Female Girls Street Casual Crossbody Handbag Clutch Purse,https://www.daraz.com.bd/products/-i319979088-s1476055022.html?search=1,"৳ 1,834"
4 Sets of Luggage Suitcase Replacement Wheels Axles Deluxe Repair Tool OD 50mm,https://www.daraz.com.bd/products/4-sets-of-luggage-suitcase-replacement-wheels-axles-deluxe-repair-tool-od-50mm-i282839212-s1272652610.html?search=1,"৳ 1,077"
Luxury Mini Pearl Bag Women’s Handmade Bead Bag Purses Fashion Banquet Party Shoulder Bags Ladies Elegant Clutch Purse Mini Bags,https://www.daraz.com.bd/products/-i319992209-s1476272523.html?search=1,"৳ 1,856"
4 Sets Of Luggage Suitcase Replacement Wheels Axles Deluxe Repair Tool OD 35mm,https://www.daraz.com.bd/products/4-sets-of-luggage-suitcase-replacement-wheels-axles-deluxe-repair-tool-od-35mm-i277452031-s1257923270.html?search=1,৳ 931
New Unisex Rectangle Vintage Sunglasses 2023 Fashion Design Retro Sun Glasses Female Lady Eyeglass Cat Eye Casual Goggles,https://www.daraz.com.bd/products/new-unisex-rectangle-vintage-sunglasses-2023-fashion-design-retro-sun-glasses-female-lady-eyeglass-cat-eye-casual-goggles-i311650715-s1399085798.html?search=1,"৳ 1,431"
JAERBEE 5Pcs Knot Nickel Drawbolt Closure Latch For Luggage Guitar Musical Trolley Case,https://www.daraz.com.bd/products/jaerbee-5pcs-knot-nickel-drawbolt-closure-latch-for-luggage-guitar-musical-trolley-case-i226609056-s1171049577.html?search=1,৳ 735
4 Sets Of Luggage Suitcase Replacement Wheels Axles Deluxe Repair Tool 50x20x6.1 Mm & OD 40Mm,https://www.daraz.com.bd/products/4-sets-of-luggage-suitcase-replacement-wheels-axles-deluxe-repair-tool-50x20x61-mm-od-40mm-i238621058-s1182154523.html?search=1,"৳ 1,170"
Sunglasses Uv400 Polarized Natural Walnut Fashion Trend Mens Square Retro Cat Eye Round Sunglasses Mens Summer Style Sun Glasses,https://www.daraz.com.bd/products/sunglasses-uv400-polarized-natural-walnut-fashion-trend-mens-square-retro-cat-eye-round-sunglasses-mens-summer-style-sun-glasses-i311602994-s1398830958.html?search=1,"৳ 1,260"
4 Sets Of Luggage Suitcase Replacement Wheels Axles Deluxe Repair Tool OD 35mm,https://www.daraz.com.bd/products/4-sets-of-luggage-suitcase-replacement-wheels-axles-deluxe-repair-tool-od-35mm-i251711194-s1197142557.html?search=1,৳ 934
2023 Fashion Color Luxury Flat Top Cat Eye Elegant Sunglasses Woman Oculos De Sol Men Twin Beam Oversized Sun Glasses UV400,https://www.daraz.com.bd/products/2023-fashion-color-luxury-flat-top-cat-eye-elegant-sunglasses-woman-oculos-de-sol-men-twin-beam-oversized-sun-glasses-uv400-i311650356-s1399047437.html?search=1,"৳ 1,848"
Retro Cat eyt Sunglasses Women 2023 Vintage Designer V Sun Glasses Men Fashion Rectangle Jelly Glasses Women lentes de sol mujer,https://www.daraz.com.bd/products/retro-cat-eyt-sunglasses-women-2023-vintage-designer-v-sun-glasses-men-fashion-rectangle-jelly-glasses-women-lentes-de-sol-mujer-i311597001-s1398702275.html?search=1,"৳ 1,846"
2 Sets of Luggage Suitcase Replacement Wheels Axles Deluxe Repair Tool OD 50mm,https://www.daraz.com.bd/products/2-sets-of-luggage-suitcase-replacement-wheels-axles-deluxe-repair-tool-od-50mm-i273535200-s1248205794.html?search=1,"৳ 1,894"
SO EI Retro Polygon Cat Eye Colorful Sunglasses Women Fashion Brand Designer Clear Gradient Shades UV400 Men Sun Glasses,https://www.daraz.com.bd/products/so-ei-retro-polygon-cat-eye-colorful-sunglasses-women-fashion-brand-designer-clear-gradient-shades-uv400-men-sun-glasses-i311957279-s1400492446.html?search=1,"৳ 1,888"
"High Quality Cabin Trolley Easy Size 16"" Trolley Bag Luggage Bag For personal Size",https://www.daraz.com.bd/products/16-i183901757-s1128526200.html?search=1,"৳ 1,590"
High Quality Cabin Trolley Easy Size 16'' inch Trolley Bag Luggage Bag For personal Size,https://www.daraz.com.bd/products/16-i270702315-s1242388349.html?search=1,"৳ 1,390"
1X Alloy Magnetic Eye Glasses Holder Sunglasses Clip Magnet Hook Shirt Universal,https://www.daraz.com.bd/products/1x-alloy-magnetic-eye-glasses-holder-sunglasses-clip-magnet-hook-shirt-universal-i310562248-s1389510097.html?search=1,৳ 270
Clear Hobos Zak Festival Gift Onderarm Handtassen Telefoon Schoudertas Purse Dames Jelly Effen Kleur Vintage,https://www.daraz.com.bd/products/clear-hobos-zak-festival-gift-onderarm-handtassen-telefoon-schoudertas-purse-dames-jelly-effen-kleur-vintage-i313902301-s1408650688.html?search=1,৳ 480
Fashion Vintage Dames Jelly Effen Kleur Onderarm Zak Casual Vrouwen Hobos Handtassen Purse Mobiele Telefoon Schoudertas Festival Gift,https://www.daraz.com.bd/products/fashion-vintage-dames-jelly-effen-kleur-onderarm-zak-casual-vrouwen-hobos-handtassen-purse-mobiele-telefoon-schoudertas-festival-gift-i314986565-s1420688049.html?search=1,৳ 482
2 Sets of Luggage Suitcase Replacement Wheels Axles Deluxe Repair Tool OD 35mm,https://www.daraz.com.bd/products/2-sets-of-luggage-suitcase-replacement-wheels-axles-deluxe-repair-tool-od-35mm-i318213194-s1450073657.html?search=1,৳ 675
"4 Sets Of Luggage Suitcase Replacement Wheels Axles Deluxe Repair Tool OD, 2 Set 40mm & 2 Set 50mm",https://www.daraz.com.bd/products/4-sets-of-luggage-suitcase-replacement-wheels-axles-deluxe-repair-tool-od-2-set-40mm-2-set-50mm-i242059888-s1185662946.html?search=1,৳ 968
Cat Eye Sunglasses Current Trigonal Light coloured Lens Sunglasses,https://www.daraz.com.bd/products/cat-eye-sunglasses-current-trigonal-light-coloured-lens-sunglasses-i310456511-s1388538025.html?search=1,৳ 676
Nax 4 Sets Of Luggage Suitcase Replacement Wheels Axles Deluxe Repair Tool Od 2 Set 40Mm & 2 Set 50Mm,https://www.daraz.com.bd/products/nax-4-sets-of-luggage-suitcase-replacement-wheels-axles-deluxe-repair-tool-od-2-set-40mm-2-set-50mm-i302171876-s1344039440.html?search=1,৳ 929
5PCS HF36FD-012-HLT HF36FD-012-HT HFE10-1-24-HT-L2 HFE10-2-12-HT-L2 HFE10-2-24-HT-L2 HF42F-005-2HS HF42F-012-2HS HF42F-024-2HS,https://www.daraz.com.bd/products/5pcs-hf36fd-012-hlt-hf36fd-012-ht-hfe10-1-24-ht-l2-hfe10-2-12-ht-l2-hfe10-2-24-ht-l2-hf42f-005-2hs-hf42f-0142-024-2hs-i286429441-s1284640394.html?search=1,৳ 752
2023 Retro Cat Eye Frame Sunglasses Women Luxury V Sun Glasses Men Fashion Rectangle Jelly Glasses with Metal Hinges UV400,https://www.daraz.com.bd/products/2023-retro-cat-eye-frame-sunglasses-women-luxury-v-sun-glasses-men-fashion-rectangle-jelly-glasses-with-metal-hinges-uv400-i311639447-s1398970826.html?search=1,"৳ 1,626"
4 Sets Of Luggage Suitcase Replacement Wheels Axles Deluxe Repair Tool OD 35mm,https://www.daraz.com.bd/products/4-sets-of-luggage-suitcase-replacement-wheels-axles-deluxe-repair-tool-od-35mm-i255726125-s1203488916.html?search=1,"৳ 1,141"
5Pcs Knot Nickel Drawbolt Closure Latch For Luggage Guitar Musical Trolley Case,https://www.daraz.com.bd/products/5pcs-knot-nickel-drawbolt-closure-latch-for-luggage-guitar-musical-trolley-case-i271239488-s1242969000.html?search=1,৳ 634
WHO CUTIE Oversized Cat Eye Flat Top Sunglasses Women 2019 Brand Design Gradient Lens Sun Glasses Retro Vintage Shades Lady 393B,https://www.daraz.com.bd/products/who-cutie-oversized-cat-eye-flat-top-sunglasses-women-2019-brand-design-gradient-lens-sun-glasses-retro-vintage-shades-lady-393b-i312266629-s1401697827.html?search=1,"৳ 1,949"
New Trend Individual Character Sunglasses Women Elegant High Quality Big Frame Designer Cat Eye Glasses Female Lady Rave Festiva,https://www.daraz.com.bd/products/new-trend-individual-character-sunglasses-women-elegant-high-quality-big-frame-designer-cat-eye-glasses-female-lady-rave-festiva-i311949425-s1400414694.html?search=1,"৳ 2,552"
Women's Triangle and Square Cheese Shaped Mini PU Leather Bags Cute Earphone Lipstick Purses Handbags Crossbody Shoulder Bag,https://www.daraz.com.bd/products/-i319995419-s1476324527.html?search=1,"৳ 3,047"
Fashion Cat Eye Sunglasses Women Retro PUNK One Piece Gradient Shades UV400 Men Trending Jelly Color Rivets Sun Glasses Oculus,https://www.daraz.com.bd/products/fashion-cat-eye-sunglasses-women-retro-punk-one-piece-gradient-shades-uv400-men-trending-jelly-color-rivets-sun-glasses-oculus-i312286452-s1401731472.html?search=1,"৳ 1,956"
JAERBEE 8 Sets of Luggage Suitcase Replacement Wheels Axles Deluxe Repair Tool OD 50mm,https://www.daraz.com.bd/products/jaerbee-8-sets-of-luggage-suitcase-replacement-wheels-axles-deluxe-repair-tool-od-50mm-i255608221-s1203274776.html?search=1,"৳ 2,217"
Women's Triangle and Square Cheese Shaped Mini PU Leather Bags Cute Earphone Lipstick Purses Handbags Crossbody Shoulder Bag,https://www.daraz.com.bd/products/-i319963975-s1475918409.html?search=1,"৳ 2,113"
Women's Furry Purse Heart Shaped Fluffy Faux Fur Handbag for Women Soft Small Shoulder Bag Clutch Purse,https://www.daraz.com.bd/products/-i319972870-s1476019616.html?search=1,"৳ 3,354"
2021 Aviation Polarized Lady Sunglasses Cat Eye Fashion Women Sun Glasses luxury Woman Female Brand New oculos de sol,https://www.daraz.com.bd/products/2021-aviation-polarized-lady-sunglasses-cat-eye-fashion-women-sun-glasses-luxury-woman-female-brand-new-oculos-de-sol-i311948577-s1400436039.html?search=1,"৳ 3,347"
ICQURBT 8 Sets of Luggage Suitcase Replacement Wheels Axles Deluxe Repair Tool OD 50mm,https://www.daraz.com.bd/products/icqurbt-8-sets-of-luggage-suitcase-replacement-wheels-axles-deluxe-repair-tool-od-50mm-i254561931-s1200763265.html?search=1,"৳ 2,182"
Hello Kitty Purses Korean Version of Simplicity Cowboy Canvas Bag Fashion Handbag Cartoon Pictures Casual Hand Bags for Women,https://www.daraz.com.bd/products/-i319981566-s1476152206.html?search=1,"৳ 10,617"
Hello Kitty Cartoon Cosmetic Bag Large-capacity Waterproof Storage Bag Kawaii Cat Makeup Box Makeup Case Purse Sanrio,https://www.daraz.com.bd/products/-i319989273-s1476266994.html?search=1,"৳ 10,692"
SHAUNA Ins Popular Fashion Square Sunglasses Women Trending Gradient Brand Designer Shades UV400 Men Cat Eye Sun Glasses,https://www.daraz.com.bd/products/shauna-ins-popular-fashion-square-sunglasses-women-trending-gradient-brand-designer-shades-uv400-men-cat-eye-sun-glasses-i312017277-s1400602337.html?search=1,"৳ 2,519"
Simple Transparent Mesh Document Bag Pencil Case Coin Purse Zipper Stationery Bag Nylon Bag Office Student School Supplies,https://www.daraz.com.bd/products/-i319956989-s1475805833.html?search=1,"৳ 1,914"
Large Capacity Cotton Shopper Tote Bags Women Shoulder Bag Ladies Casual Eco Reusable Purse and Handbag Travel Books Pack bolsa,https://www.daraz.com.bd/products/-i319959054-s1475663268.html?search=1,"৳ 2,075"
Fashion Casual Nylon Women Shoulder Bag 2 in 1 Chain Zipper Female Girls Street Casual Crossbody Handbag Clutch Purse,https://www.daraz.com.bd/products/-i319979088-s1476055022.html?search=1,"৳ 1,834"
4 Sets of Luggage Suitcase Replacement Wheels Axles Deluxe Repair Tool OD 50mm,https://www.daraz.com.bd/products/4-sets-of-luggage-suitcase-replacement-wheels-axles-deluxe-repair-tool-od-50mm-i282839212-s1272652610.html?search=1,"৳ 1,077"
Luxury Mini Pearl Bag Women’s Handmade Bead Bag Purses Fashion Banquet Party Shoulder Bags Ladies Elegant Clutch Purse Mini Bags,https://www.daraz.com.bd/products/-i319992209-s1476272523.html?search=1,"৳ 1,856"
4 Sets Of Luggage Suitcase Replacement Wheels Axles Deluxe Repair Tool OD 35mm,https://www.daraz.com.bd/products/4-sets-of-luggage-suitcase-replacement-wheels-axles-deluxe-repair-tool-od-35mm-i277452031-s1257923270.html?search=1,৳ 931
New Unisex Rectangle Vintage Sunglasses 2023 Fashion Design Retro Sun Glasses Female Lady Eyeglass Cat Eye Casual Goggles,https://www.daraz.com.bd/products/new-unisex-rectangle-vintage-sunglasses-2023-fashion-design-retro-sun-glasses-female-lady-eyeglass-cat-eye-casual-goggles-i311650715-s1399085798.html?search=1,"৳ 1,431"
JAERBEE 5Pcs Knot Nickel Drawbolt Closure Latch For Luggage Guitar Musical Trolley Case,https://www.daraz.com.bd/products/jaerbee-5pcs-knot-nickel-drawbolt-closure-latch-for-luggage-guitar-musical-trolley-case-i226609056-s1171049577.html?search=1,৳ 735
4 Sets Of Luggage Suitcase Replacement Wheels Axles Deluxe Repair Tool 50x20x6.1 Mm & OD 40Mm,https://www.daraz.com.bd/products/4-sets-of-luggage-suitcase-replacement-wheels-axles-deluxe-repair-tool-50x20x61-mm-od-40mm-i238621058-s1182154523.html?search=1,"৳ 1,170"
Sunglasses Uv400 Polarized Natural Walnut Fashion Trend Mens Square Retro Cat Eye Round Sunglasses Mens Summer Style Sun Glasses,https://www.daraz.com.bd/products/sunglasses-uv400-polarized-natural-walnut-fashion-trend-mens-square-retro-cat-eye-round-sunglasses-mens-summer-style-sun-glasses-i311602994-s1398830958.html?search=1,"৳ 1,260"
4 Sets Of Luggage Suitcase Replacement Wheels Axles Deluxe Repair Tool OD 35mm,https://www.daraz.com.bd/products/4-sets-of-luggage-suitcase-replacement-wheels-axles-deluxe-repair-tool-od-35mm-i251711194-s1197142557.html?search=1,৳ 934
2023 Fashion Color Luxury Flat Top Cat Eye Elegant Sunglasses Woman Oculos De Sol Men Twin Beam Oversized Sun Glasses UV400,https://www.daraz.com.bd/products/2023-fashion-color-luxury-flat-top-cat-eye-elegant-sunglasses-woman-oculos-de-sol-men-twin-beam-oversized-sun-glasses-uv400-i311650356-s1399047437.html?search=1,"৳ 1,848"
Retro Cat eyt Sunglasses Women 2023 Vintage Designer V Sun Glasses Men Fashion Rectangle Jelly Glasses Women lentes de sol mujer,https://www.daraz.com.bd/products/retro-cat-eyt-sunglasses-women-2023-vintage-designer-v-sun-glasses-men-fashion-rectangle-jelly-glasses-women-lentes-de-sol-mujer-i311597001-s1398702275.html?search=1,"৳ 1,846"
2 Sets of Luggage Suitcase Replacement Wheels Axles Deluxe Repair Tool OD 50mm,https://www.daraz.com.bd/products/2-sets-of-luggage-suitcase-replacement-wheels-axles-deluxe-repair-tool-od-50mm-i273535200-s1248205794.html?search=1,"৳ 1,894"
SO EI Retro Polygon Cat Eye Colorful Sunglasses Women Fashion Brand Designer Clear Gradient Shades UV400 Men Sun Glasses,https://www.daraz.com.bd/products/so-ei-retro-polygon-cat-eye-colorful-sunglasses-women-fashion-brand-designer-clear-gradient-shades-uv400-men-sun-glasses-i311957279-s1400492446.html?search=1,"৳ 1,888"
Napkin Sanitary Pad Pouch Women Girl Cute Towel Storage Bag Coin Purse Lipstick Headphone Case Sanitary Credit Card Holder Bags,https://www.daraz.com.bd/products/-i319932320-s1475247606.html?search=1,"৳ 1,989"
Women Ethnic National Retro Butterfly Flower Bags Handbag Coin Purse Embroidered Lady Clutch Tassel Small Flap Summer Sale,https://www.daraz.com.bd/products/-i319981177-s1476069237.html?search=1,"৳ 2,150"
2021 New Fashion Cat Eye Women Sunglasses Brand Designer Female Gradient Points TF Logo Sun Glasses Big Oculos feminino de sol,https://www.daraz.com.bd/products/2021-new-fashion-cat-eye-women-sunglasses-brand-designer-female-gradient-points-tf-logo-sun-glasses-big-oculos-feminino-de-sol-i311939803-s1400227891.html?search=1,"৳ 1,996"
New Fashion Women's Shoulder Bag Oxford Handbag Purses Large Capacity Messenger Bag Single Shoulder Tote Bag 10 Pockets Sac 2021,https://www.daraz.com.bd/products/10-2021-i319974375-s1475975695.html?search=1,"৳ 5,907"
Fashion Women Shoulder Bag Messenger Bag Designer Luxury Crocodile Pattern Phone Bag Coin Purse Girls Handbag Tote Bag,https://www.daraz.com.bd/products/-i319997539-s1476349491.html?search=1,"৳ 3,388"
CLLOIO Fashion Women Polarized Sunglasses Ladies Cat Eye Luxury Sun Glasses Round Vintage Female Shades Lunette De Soleil Femme,https://www.daraz.com.bd/products/clloio-fashion-women-polarized-sunglasses-ladies-cat-eye-luxury-sun-glasses-round-vintage-female-shades-lunette-de-soleil-femme-i311677710-s1399153294.html?search=1,"৳ 3,373"
8 Sets of Luggage Suitcase Replacement Wheels Axles Deluxe Repair Tool OD 50mm,https://www.daraz.com.bd/products/8-sets-of-luggage-suitcase-replacement-wheels-axles-deluxe-repair-tool-od-50mm-i274937605-s1252027975.html?search=1,"৳ 1,973"
Luxury Rhinestone Sunglasses Women Cat Eye Diamond Designer Sun Glasses Ladies Punk Glasses Shades Women Wholesale Bulk Oculos,https://www.daraz.com.bd/products/luxury-rhinestone-sunglasses-women-cat-eye-diamond-designer-sun-glasses-ladies-punk-glasses-shades-women-wholesale-bulk-oculos-i311682009-s1399135739.html?search=1,"৳ 2,091"
Fashion Klassieke Vrouwen Merk Designer Cateye Zonnebril Vrouwelijke Vintage Dame Zonnebril Oculo De Sol Shades Zomer Stijl,https://www.daraz.com.bd/products/fashion-klassieke-vrouwen-merk-designer-cateye-zonnebril-vrouwelijke-vintage-dame-zonnebril-oculo-de-sol-shades-zomer-stijl-i299918267-s1332738776.html?search=1,"৳ 2,484"
SEKUSA Small Beaded Clutch Purse Elegant Black Evening Bags Wedding Party Clutch Handbag Metal Chain Shoulder Bags,https://www.daraz.com.bd/products/-i319935542-s1475417594.html?search=1,"৳ 5,548"
"Crocodile Embossed Tote Bag, Patent Leather Solid Color Top Handle Purse, Casual Large Shoulder Bag",https://www.daraz.com.bd/products/-i319957146-s1475670373.html?search=1,"৳ 3,883"
Rhinestones Tassel Clutch Diamonds Beaded Metal Evening Bags Chain Shoulder Messenger Purse Evening Bags For Wedding Bag,https://www.daraz.com.bd/products/-i319927937-s1475344451.html?search=1,"৳ 6,406"
Women Tote Handbags Lady Letters Filled Shoulder Armpit Clutch Purses and Handbags Large Capcity Luxury Deisgner Bags,https://www.daraz.com.bd/products/-i319956141-s1475663329.html?search=1,"৳ 6,310"
Multi Color Crystal Rhinestone Purse for Women Sparkly Full Diamond Bucket Shoulder Handbags Lady Evening Wedding Prom Tote Bag,https://www.daraz.com.bd/products/-i319958901-s1475805122.html?search=1,"৳ 10,348"
Fashion Small PU Leather Messenger Bags for Women Bow Design Shoulder Bag Ladies Casual Crossbody Purse Female Handbags Pouch,https://www.daraz.com.bd/products/-i319987233-s1476170035.html?search=1,"৳ 5,706"
Fashion Tassel Straw Woven Shoulder Bag New Women Purse Wicker Beach Bag Saddle Lady Crossbody Messenger Bags Ladies Phone Purse,https://www.daraz.com.bd/products/-i319956793-s1475765632.html?search=1,"৳ 6,789"
DG PEAFOWL Banquet Party Purse Luxury Crystal Clutch Bag Box Metal Frame Chain Women Evening Bag Female Golden Handbags,https://www.daraz.com.bd/products/-i319942278-s1475416975.html?search=1,"৳ 11,654"
Bead Bag Designer Brand Acrylic Clear Pearl Beaded Box Tote Bag Mini Transparent Handbags Women Bags Designer Party Purses New,https://www.daraz.com.bd/products/-i319993619-s1476360089.html?search=1,"৳ 5,482"
White Floral Bride Handbag Apricot Colour Bridesmaid Hand Bags Elegant Women Party Attendance Purse Clutch Bag Wedding Bridal,https://www.daraz.com.bd/products/-i319929913-s1475341625.html?search=1,"৳ 5,916"
Beaded Floral Evening Clutch Women Fashion Banquet Handbag Elegant Party Prom Shoulder Bag Female Metal Chain Crossbody Purse,https://www.daraz.com.bd/products/-i319933477-s1475374089.html?search=1,"৳ 6,063"
New Fashion Purses and Handbags Luxury Women Bags Ladies Shoulder Croosbody Bags Designer High Quality Leather Messenger Bag Sac,https://www.daraz.com.bd/products/-i319966533-s1475930915.html?search=1,"৳ 5,888"
Diesel Luxury Yellow Women Top Handle Purse Half Round Design Brand Leather Underarm Flap Shoulder Bag Fashion Tote Handbags,https://www.daraz.com.bd/products/-i319966584-s1475939903.html?search=1,"৳ 12,456"
Women Rattan Acrylic Box bag Crochet Evening Clutch Wedding Party Purses summer Wicker Raffia Handbags Designer High Quality,https://www.daraz.com.bd/products/-i319938005-s1475305299.html?search=1,"৳ 10,406"
Women Evening Clutch Bag Diamond Clutch Female Bead Crystal Beads Tassel Day Clutch Wedding Purse Party Banquet Bolsas Mujer,https://www.daraz.com.bd/products/-i319925854-s1475264814.html?search=1,"৳ 10,316"
Bohemia Beading Evening Clutch Bag Contrast Colors Summer Hand Bags Wedding Bridal Party Purse Clutch Purse Pochette Femme 2021,https://www.daraz.com.bd/products/2021-i319933078-s1475277283.html?search=1,"৳ 6,621"
MABULA 2023 Silver Trend Satchel Handbag Simple Stylish Vegant Leather Crossbody Purse Luxury Brand Exquisite Ladies Phone Bag,https://www.daraz.com.bd/products/-i319951878-s1475725150.html?search=1,"৳ 11,021"
KINGSEVEN Brand Design Cat Eye Sunglasses Women polarized Luxury Alloy Frame+TR90 Sun Glasses Fashion Retro Oculos De Sol Gafas,https://www.daraz.com.bd/products/kingseven-brand-design-cat-eye-sunglasses-women-polarized-luxury-alloy-frametr90-sun-glasses-fashion-retro-oculos-de-sol-gafas-i312339917-s1401905025.html?search=1,"৳ 3,682"
2 Sets Luggage Suitcase Replacement Wheels Repair Tool OD 35mm,https://www.daraz.com.bd/products/2-sets-luggage-suitcase-replacement-wheels-repair-tool-od-35mm-i250097271-s1196518538.html?search=1,৳ 534
2 Sets of Luggage Suitcase Replacement Wheels Axles Deluxe Repair Tool OD 35mm,https://www.daraz.com.bd/products/2-sets-of-luggage-suitcase-replacement-wheels-axles-deluxe-repair-tool-od-35mm-i247237604-s1192866906.html?search=1,৳ 575
2 Sets of Luggage Suitcase Replacement Wheels Axles Deluxe Repair Tool OD 35mm,https://www.daraz.com.bd/products/2-sets-of-luggage-suitcase-replacement-wheels-axles-deluxe-repair-tool-od-35mm-i318209516-s1450086070.html?search=1,৳ 675
2 Set Luggage Suitcase Wheels Axles Rubber Repair OD 64mm New,https://www.daraz.com.bd/products/2-set-luggage-suitcase-wheels-axles-rubber-repair-od-64mm-new-i312953951-s1403563676.html?search=1,৳ 726
5PCS HF36FD-012-HLT HF36FD-012-HT HFE10-1-24-HT-L2 HFE10-2-12-HT-L2 HFE10-2-24-HT-L2 HF42F-005-2HS HF42F-012-2HS HF42F-024-2HS,https://www.daraz.com.bd/products/5pcs-hf36fd-012-hlt-hf36fd-012-ht-hfe10-1-24-ht-l2-hfe10-2-12-ht-l2-hfe10-2-24-ht-l2-hf42f-005-2hs-hf42f-0142-024-2hs-i286595248-s1284831776.html?search=1,৳ 752
4 Sets Of Luggage Suitcase Replacement Wheels Axles Deluxe Repair Tool OD 35mm,https://www.daraz.com.bd/products/4-sets-of-luggage-suitcase-replacement-wheels-axles-deluxe-repair-tool-od-35mm-i255725145-s1203494315.html?search=1,৳ 916
Brand new N76E885AT20 76E885 TSSOP-20 High Quality,https://www.daraz.com.bd/products/brand-new-n76e885at20-76e885-tssop-20-high-quality-i254469544-s1200576153.html?search=1,৳ 893
2 Sets Luggage Suitcase Replacement Wheels Repair Tool OD 35mm,https://www.daraz.com.bd/products/2-sets-luggage-suitcase-replacement-wheels-repair-tool-od-35mm-i242242991-s1186053056.html?search=1,৳ 943
4 Sets Of Luggage Suitcase Replacement Wheels Axles Deluxe Repair Tool OD 35mm,https://www.daraz.com.bd/products/4-sets-of-luggage-suitcase-replacement-wheels-axles-deluxe-repair-tool-od-35mm-i240373001-s1183662161.html?search=1,"৳ 1,015"
2021 New Women Rectangle Vintage Sunglasses Brand Designer Retro Points Sun Glasses Female Lady Eyeglass Cat Eye Driver Goggles,https://www.daraz.com.bd/products/2021-new-women-rectangle-vintage-sunglasses-brand-designer-retro-points-sun-glasses-female-lady-eyeglass-cat-eye-driver-goggles-i311965200-s1400513195.html?search=1,"৳ 1,057"
KLASSNUM Vintage Cat Eye Sunglasses Woman Fashion Metal Chain Design Female Sun Glasses Candy Color Retro Designer Oculos De Sol,https://www.daraz.com.bd/products/klassnum-vintage-cat-eye-sunglasses-woman-fashion-metal-chain-design-female-sun-glasses-candy-color-retro-designer-oculos-de-sol-i311612463-s1398831863.html?search=1,"৳ 1,071"
4 Sets Of Luggage Suitcase Replacement Wheels Axles Deluxe Repair Tool OD 35mm,https://www.daraz.com.bd/products/4-sets-of-luggage-suitcase-replacement-wheels-axles-deluxe-repair-tool-od-35mm-i291825373-s1297276500.html?search=1,"৳ 1,080"
MAYTEN 2022 Cat Eye Glasses Half Frame Spcial Sunglasses Women Vintage Red Black Sunglasses Transparent Shades Ladies UV400,https://www.daraz.com.bd/products/mayten-2022-cat-eye-glasses-half-frame-spcial-sunglasses-women-vintage-red-black-sunglasses-transparent-shades-ladies-uv400-i311600190-s1398742785.html?search=1,"৳ 1,118"
EITGZWAS 4 Sets Of Luggage Suitcase Replacement Wheels Axles Deluxe Repair Tool OD 35mm,https://www.daraz.com.bd/products/eitgzwas-4-sets-of-luggage-suitcase-replacement-wheels-axles-deluxe-repair-tool-od-35mm-i254557302-s1200735905.html?search=1,"৳ 1,141"
4 Sets Of Luggage Suitcase Replacement Wheels Axles Deluxe Repair Tool OD 35mm,https://www.daraz.com.bd/products/4-sets-of-luggage-suitcase-replacement-wheels-axles-deluxe-repair-tool-od-35mm-i240361519-s1183665004.html?search=1,"৳ 1,141"
Vintage Black Cat Eye Sunglasses Woman Triangular Cateye Design Ladies Sunglasses Leopard Lens Cute Mirror Glasses,https://www.daraz.com.bd/products/vintage-black-cat-eye-sunglasses-woman-triangular-cateye-design-ladies-sunglasses-leopard-lens-cute-mirror-glasses-i311655455-s1399095351.html?search=1,"৳ 1,167"
Designer Cat Eye Sunglasses Woman Vintage Black Mirror Sun Glasses For Fashion Big Frame Cool Female Oculos,https://www.daraz.com.bd/products/designer-cat-eye-sunglasses-woman-vintage-black-mirror-sun-glasses-for-fashion-big-frame-cool-female-oculos-i311635670-s1398956761.html?search=1,"৳ 1,197"
Ladies Cat Ear Sunglasses Frameless Jelly Transparent Sunglasses Retro All-in-one Ocean Piece Candy Color Rimless Sunglasses,https://www.daraz.com.bd/products/ladies-cat-ear-sunglasses-frameless-jelly-transparent-sunglasses-retro-all-in-one-ocean-piece-candy-color-rimless-sunglasses-i311659098-s1399079972.html?search=1,"৳ 1,211"
Ladies Cat Ear Sunglasses Frameless Jelly Transparent Sunglasses Retro All-in-one Ocean Piece Candy Color Sunglasses,https://www.daraz.com.bd/products/ladies-cat-ear-sunglasses-frameless-jelly-transparent-sunglasses-retro-all-in-one-ocean-piece-candy-color-sunglasses-i311624652-s1398868613.html?search=1,"৳ 1,225"
ZUEE Cat Eye Sunglasses Retro Fashion Mirror Sunglasses Women Plastic Frame Classic Sun glasses Ladies UV400 oculos,https://www.daraz.com.bd/products/zuee-cat-eye-sunglasses-retro-fashion-mirror-sunglasses-women-plastic-frame-classic-sun-glasses-ladies-uv400-oculos-i311927850-s1400262377.html?search=1,"৳ 1,238"
BRADOO 4 Sets Of Luggage Suitcase Replacement Wheels Axles Deluxe Repair Tool OD 35mm,https://www.daraz.com.bd/products/bradoo-4-sets-of-luggage-suitcase-replacement-wheels-axles-deluxe-repair-tool-od-35mm-i255949135-s1203853867.html?search=1,"৳ 1,238"
ARELENE 4 Sets Of Luggage Suitcase Replacement Wheels Axles Deluxe Repair Tool OD 35mm,https://www.daraz.com.bd/products/arelene-4-sets-of-luggage-suitcase-replacement-wheels-axles-deluxe-repair-tool-od-35mm-i253912520-s1199671289.html?search=1,"৳ 1,238"
2023 Vintage Tonen Oversize Plein Zonnebril Vrouwen Luxe Desigh Grote Frame Vrouwen Zonnebril Mode Vrouwelijke Bril,https://www.daraz.com.bd/products/2023-vintage-tonen-oversize-plein-zonnebril-vrouwen-luxe-desigh-grote-frame-vrouwen-zonnebril-mode-vrouwelijke-bril-i301469579-s1340251929.html?search=1,"৳ 1,254"
Retro Cat Eye Style Sunglasses Woman Classic Black White Ladies Sun Glasses Cateye Frame Gradient Oculos De Sol Feminino,https://www.daraz.com.bd/products/retro-cat-eye-style-sunglasses-woman-classic-black-white-ladies-sun-glasses-cateye-frame-gradient-oculos-de-sol-feminino-i311623726-s1398885596.html?search=1,"৳ 1,274"
Ladies Cat Ear Sunglasses Frameless Jelly Transparent Sunglasses Retro All-in-one Ocean Piece Candy Color Sun Glasses Gafas,https://www.daraz.com.bd/products/ladies-cat-ear-sunglasses-frameless-jelly-transparent-sunglasses-retro-all-in-one-ocean-piece-candy-color-sun-glasses-gafas-i311646813-s1399079251.html?search=1,"৳ 1,293"
1pcs New Cat Eye Sunglasses Woman Fashion Big Frame Cat Sun Glasses Female Retro Shades UV400 Black White Color Oculos De Sol,https://www.daraz.com.bd/products/1pcs-new-cat-eye-sunglasses-woman-fashion-big-frame-cat-sun-glasses-female-retro-shades-uv400-black-white-color-oculos-de-sol-i311595644-s1398739911.html?search=1,"৳ 1,316"
2022 New Brand High Quality Sunglasses Square Glasses Personalized Cat Eyes Color Sunglasses Fashion Sunglasses uv400,https://www.daraz.com.bd/products/2022-new-brand-high-quality-sunglasses-square-glasses-personalized-cat-eyes-color-sunglasses-fashion-sunglasses-uv400-i311945548-s1400442740.html?search=1,"৳ 1,334"
2 Set Luggage Suitcase Wheels Axles Rubber Repair OD 64mm New,https://www.daraz.com.bd/products/2-set-luggage-suitcase-wheels-axles-rubber-repair-od-64mm-new-i244428246-s1187760239.html?search=1,"৳ 1,323"
2023 New Cat Eye Sunglasses Woman Fashion Big Frame Cat Sun Glasses Female Retro Shades UV400 Black White Color Oculos De Sol,https://www.daraz.com.bd/products/2023-new-cat-eye-sunglasses-woman-fashion-big-frame-cat-sun-glasses-female-retro-shades-uv400-black-white-color-oculos-de-sol-i311658165-s1399075788.html?search=1,"৳ 1,351"
Fashion Cat Eye Sunglasses Women Luxury Brand Designer Vintage Sun Glasses Female Eyeglasses For Female Gafas de sol uv400,https://www.daraz.com.bd/products/fashion-cat-eye-sunglasses-women-luxury-brand-designer-vintage-sun-glasses-female-eyeglasses-for-female-gafas-de-sol-uv400-i311942619-s1400428099.html?search=1,"৳ 1,351"
Vintage Cat Eye Sunglasses Woman One-piece Rimless Design Sunglasses Female Transparent Color Cute Retro Pink Black Ladies,https://www.daraz.com.bd/products/vintage-cat-eye-sunglasses-woman-one-piece-rimless-design-sunglasses-female-transparent-color-cute-retro-pink-black-ladies-i311923613-s1400186153.html?search=1,"৳ 1,360"
RBROVO Cateye Designer Sunglasses Women 2023 High Quality Retro Sunglasses Women Square Glasses Women/Men Luxury Oculos De Sol,https://www.daraz.com.bd/products/rbrovo-cateye-designer-sunglasses-women-2023-high-quality-retro-sunglasses-women-square-glasses-womenmen-luxury-oculos-de-sol-i311621005-s1398840647.html?search=1,"৳ 1,363"
2023 New Fashion Classic Frameloze Zonnebril Vrouwen Siamese Licht Kwaliteit Gradiënt Zonnebril Hoge Kwaliteit Design Brillen,https://www.daraz.com.bd/products/2023-new-fashion-classic-frameloze-zonnebril-vrouwen-siamese-licht-kwaliteit-gradint-zonnebril-hoge-kwaliteit-design-brillen-i301448104-s1339929411.html?search=1,"৳ 1,363"
Vintage Red Cat Eye Sunglasses Woman Triangular Cateye Design Ladies Sun Glasses Female Colorful Ocean Lens Cute Mirror,https://www.daraz.com.bd/products/vintage-red-cat-eye-sunglasses-woman-triangular-cateye-design-ladies-sun-glasses-female-colorful-ocean-lens-cute-mirror-i311933380-s1400200578.html?search=1,"৳ 1,365"
Cat Eye Sunglasses Woman Vintage Black Shades Gradient Sun Glasses Large Frame Female Cool Oculos De Sol Feminino,https://www.daraz.com.bd/products/cat-eye-sunglasses-woman-vintage-black-shades-gradient-sun-glasses-large-frame-female-cool-oculos-de-sol-feminino-i311653445-s1399087640.html?search=1,"৳ 1,366"
Oversized Cat Eye Sunglasses 2022 Fashion Women Shades Trending Men Gradient Sun Glasses Shades UV400 Glasses Goggles,https://www.daraz.com.bd/products/oversized-cat-eye-sunglasses-2022-fashion-women-shades-trending-men-gradient-sun-glasses-shades-uv400-glasses-goggles-i311583475-s1398647262.html?search=1,"৳ 1,368"
Brand Cat Eye Sunglasses Woman Fashion Big Frame Sun Glasses Female Plastic Retro Designer Classic Cateye Vintage Gafas De Sol,https://www.daraz.com.bd/products/brand-cat-eye-sunglasses-woman-fashion-big-frame-sun-glasses-female-plastic-retro-designer-classic-cateye-vintage-gafas-de-sol-i311950740-s1400471013.html?search=1,"৳ 1,369"
Vintage Black Round Sunglasses Woman Fashion Cat Eye Design Ladies Sunglasses Colorful Coating Mirror Oculos De Sol Feminino,https://www.daraz.com.bd/products/vintage-black-round-sunglasses-woman-fashion-cat-eye-design-ladies-sunglasses-colorful-coating-mirror-oculos-de-sol-feminino-i311592065-s1398652463.html?search=1,"৳ 1,370"
Fashion Cute Retro Cat Eye Sunglasses Woman Vintage Brand Designer Round Sun Glasses For Female Male UV400,https://www.daraz.com.bd/products/fashion-cute-retro-cat-eye-sunglasses-woman-vintage-brand-designer-round-sun-glasses-for-female-male-uv400-i312031499-s1400693485.html?search=1,"৳ 1,374"
Vintage Round Cat Eye Sunglasses Woman Fashion Design Sun Glasses Female Retro Colorful Circle Cateye Glasses Oculos De Sol,https://www.daraz.com.bd/products/vintage-round-cat-eye-sunglasses-woman-fashion-design-sun-glasses-female-retro-colorful-circle-cateye-glasses-oculos-de-sol-i311676835-s1399141520.html?search=1,"৳ 1,384"
Fashion Cat Eye Sunglasses Woman Luxury Brand Designer Vintage Sun Glasses Female Glasses For Leopard Gafas De Sol Uv400,https://www.daraz.com.bd/products/fashion-cat-eye-sunglasses-woman-luxury-brand-designer-vintage-sun-glasses-female-glasses-for-leopard-gafas-de-sol-uv400-i311945294-s1400389482.html?search=1,"৳ 1,386"
Vintage Leopard Round Sunglasses Woman Fashion Cat Eye Mirror Sun Glasses Female Brand Designer Classic Gradient Oculos De Sol,https://www.daraz.com.bd/products/vintage-leopard-round-sunglasses-woman-fashion-cat-eye-mirror-sun-glasses-female-brand-designer-classic-gradient-oculos-de-sol-i312029778-s1400680384.html?search=1,"৳ 1,390"
Fashion Square Sunglasses Woman Vintage Cat Eye Design Sun Glasses Female Male Personality Cool Retro Black Cateye Oculos,https://www.daraz.com.bd/products/fashion-square-sunglasses-woman-vintage-cat-eye-design-sun-glasses-female-male-personality-cool-retro-black-cateye-oculos-i312009242-s1400581984.html?search=1,"৳ 1,398"
2022 Fashion Round Cat Eye Style Sunglasses Woman Luxury Brand Designer Vintage Sun Glasses Female Glasses Gafas De Sol Uv400,https://www.daraz.com.bd/products/2022-fashion-round-cat-eye-style-sunglasses-woman-luxury-brand-designer-vintage-sun-glasses-female-glasses-gafas-de-sol-uv400-i311983187-s1400548070.html?search=1,"৳ 1,398"
Colorful Shades Trendy Retro Flower Shape Sun Glasses Beach Glasses Cat Eye Sunglasses,https://www.daraz.com.bd/products/colorful-shades-trendy-retro-flower-shape-sun-glasses-beach-glasses-cat-eye-sunglasses-i311931276-s1400204112.html?search=1,"৳ 1,400"
Personality Cat Eye Sunglasses Woman Vintage Candy Colors Gradient Sun Glasses Female Fashion Brand Ladies Hip Hop Gafas De Sol,https://www.daraz.com.bd/products/personality-cat-eye-sunglasses-woman-vintage-candy-colors-gradient-sun-glasses-female-fashion-brand-ladies-hip-hop-gafas-de-sol-i311912747-s1400095349.html?search=1,"৳ 1,430"
Brand Designer Round Cat Eye Sunglasses Man Retro Shades Male Sun Glasses Mirror Clear Vintage Fashion Driving Oculos De Sol,https://www.daraz.com.bd/products/brand-designer-round-cat-eye-sunglasses-man-retro-shades-male-sun-glasses-mirror-clear-vintage-fashion-driving-oculos-de-sol-i312003205-s1400580830.html?search=1,"৳ 1,440"
Fashion Cat Eye Sunglasses Woman Brand Designer Big Frame Gradient Sun Glasses Clear Lens Female Shades Vintage Oculos De Sol,https://www.daraz.com.bd/products/fashion-cat-eye-sunglasses-woman-brand-designer-big-frame-gradient-sun-glasses-clear-lens-female-shades-vintage-oculos-de-sol-i311985846-s1400566478.html?search=1,"৳ 1,447"
Love Heart Cat Eye Sunglasses Woman Vintage Christmas Gift Black Pink Red Heart Shape Sun Glasses For Woman Uv400,https://www.daraz.com.bd/products/love-heart-cat-eye-sunglasses-woman-vintage-christmas-gift-black-pink-red-heart-shape-sun-glasses-for-woman-uv400-i311585879-s1398721731.html?search=1,"৳ 1,452"
Gothic Skull Sunglasses Halloween Christmas Cat Eye Crystal Punk Sun Glasses luxury designer vintage gafas de sol mujer,https://www.daraz.com.bd/products/gothic-skull-sunglasses-halloween-christmas-cat-eye-crystal-punk-sun-glasses-luxury-designer-vintage-gafas-de-sol-mujer-i311947744-s1400465910.html?search=1,"৳ 1,510"
4 Set Luggage Suitcase Replacement Wheels OD 80mm,https://www.daraz.com.bd/products/4-set-luggage-suitcase-replacement-wheels-od-80mm-i277438438-s1257901998.html?search=1,"৳ 1,511"
4 Set Luggage Suitcase Replacement Wheels OD 80mm,https://www.daraz.com.bd/products/4-set-luggage-suitcase-replacement-wheels-od-80mm-i251705057-s1197140029.html?search=1,"৳ 1,514"
2 Set Luggage Suitcase Replacement Wheels OD 80mm,https://www.daraz.com.bd/products/2-set-luggage-suitcase-replacement-wheels-od-80mm-i240335272-s1183629454.html?search=1,"৳ 1,519"
